Rank,Title,Score
1,"Sousou no Frieren
        TV (28 eps)
        Sep 2023 - Mar 2024
        823,404 members",9.34
2,"Fullmetal Alchemist: Brotherhood
        TV (64 eps)
        Apr 2009 - Jul 2010
        3,383,867 members
      

 Manga Store
Volume 1
$6.99 Preview",9.09
3,"Steins;Gate
        TV (24 eps)
        Apr 2011 - Sep 2011
        2,591,942 members",9.07
4,"Gintama°
        TV (51 eps)
        Apr 2015 - Mar 2016
        638,659 members",9.06
5,"Shingeki no Kyojin Season 3 Part 2
        TV (10 eps)
        Apr 2019 - Jul 2019
        2,314,932 members
      

 Manga Store
Volume 1

                  $10.99
                

                  $5.99
                 Preview",9.05
6,"Gintama: The Final
        Movie (1 eps)
        Jan 2021 - Jan 2021
        154,251 members",9.04
7,"Gintama'
        TV (51 eps)
        Apr 2011 - Mar 2012
        563,258 members",9.03
8,"Hunter x Hunter (2011)
        TV (148 eps)
        Oct 2011 - Sep 2014
        2,875,172 members",9.03
9,"Ginga Eiyuu Densetsu
        OVA (110 eps)
        Jan 1988 - Mar 1997
        326,703 members",9.02
10,"Gintama': Enchousen
        TV (13 eps)
        Oct 2012 - Mar 2013
        329,043 members",9.02
11,"Bleach: Sennen Kessen-hen
        TV (13 eps)
        Oct 2022 - Dec 2022
        559,398 members",9.01
12,"Kaguya-sama wa Kokurasetai: Ultra Romantic
        TV (13 eps)
        Apr 2022 - Jun 2022
        951,395 members",9.00
13,"Monogatari Series: Off & Monster Season
        ONA (? eps)
        Jul 2024 - 
        53,269 members",8.98
14,"Gintama.
        TV (12 eps)
        Jan 2017 - Mar 2017
        318,579 members",8.98
15,"Fruits Basket: The Final
        TV (13 eps)
        Apr 2021 - Jun 2021
        488,940 members
      

 Manga Store
Volume 1
$9.99 Preview",8.97
16,"Clannad: After Story
        TV (24 eps)
        Oct 2008 - Mar 2009
        1,204,636 members",8.93
17,"Gintama
        TV (201 eps)
        Apr 2006 - Mar 2010
        1,075,281 members",8.93
18,"Koe no Katachi
        Movie (1 eps)
        Sep 2016 - Sep 2016
        2,364,132 members
      

 Manga Store
Volume 1
$10.99 Preview",8.93
19,"3-gatsu no Lion 2nd Season
        TV (22 eps)
        Oct 2017 - Mar 2018
        406,571 members",8.92
20,"Code Geass: Hangyaku no Lelouch R2
        TV (25 eps)
        Apr 2008 - Sep 2008
        1,801,585 members",8.91
21,"Gintama Movie 2: Kanketsu-hen - Yorozuya yo Eien Nare
        Movie (1 eps)
        Jul 2013 - Jul 2013
        243,257 members",8.90
22,"Kusuriya no Hitorigoto
        TV (24 eps)
        Oct 2023 - Mar 2024
        441,189 members",8.90
23,"Shingeki no Kyojin: The Final Season - Kanketsu-hen
        TV Special (2 eps)
        Mar 2023 - Nov 2023
        673,119 members
      

 Manga Store
Volume 1

                  $10.99
                

                  $5.99
                 Preview",8.89
24,"Gintama.: Shirogane no Tamashii-hen - Kouhan-sen
        TV (14 eps)
        Jul 2018 - Oct 2018
        201,904 members",8.88
25,"Monster
        TV (74 eps)
        Apr 2004 - Sep 2005
        1,145,135 members",8.88
26,"Owarimonogatari 2nd Season
        TV Special (7 eps)
        Aug 2017 - Aug 2017
        404,188 members",8.87
27,"Violet Evergarden Movie
        Movie (1 eps)
        Sep 2020 - Sep 2020
        625,102 members",8.86
28,"Kimi no Na wa.
        Movie (1 eps)
        Aug 2016 - Aug 2016
        2,777,321 members
      

 Manga Store
Volume 1
$6.99 Preview",8.84
29,"Kingdom 3rd Season
        TV (26 eps)
        Apr 2020 - Oct 2021
        106,483 members",8.82
30,"Boku no Kokoro no Yabai Yatsu 2nd Season
        TV (13 eps)
        Jan 2024 - Mar 2024
        195,703 members",8.82
31,"Gintama.: Shirogane no Tamashii-hen
        TV (12 eps)
        Jan 2018 - Mar 2018
        215,772 members",8.81
32,"Vinland Saga Season 2
        TV (24 eps)
        Jan 2023 - Jun 2023
        638,839 members
      

 Manga Store
Volume 1
$17.99 Preview",8.81
33,"Jujutsu Kaisen 2nd Season
        TV (23 eps)
        Jul 2023 - Dec 2023
        995,288 members",8.81
34,"Mob Psycho 100 II
        TV (13 eps)
        Jan 2019 - Apr 2019
        1,555,840 members",8.79
35,"Kizumonogatari III: Reiketsu-hen
        Movie (1 eps)
        Jan 2017 - Jan 2017
        468,796 members
      

 Manga Store
Part1
$9.99  Preview",8.78
36,"Bocchi the Rock!
        TV (12 eps)
        Oct 2022 - Dec 2022
        597,675 members",8.78
37,"Haikyuu!! Karasuno Koukou vs. Shiratorizawa Gakuen Koukou
        TV (10 eps)
        Oct 2016 - Dec 2016
        1,221,271 members",8.78
38,"Shingeki no Kyojin: The Final Season
        TV (16 eps)
        Dec 2020 - Mar 2021
        2,033,061 members
      

 Manga Store
Volume 1

                  $10.99
                

                  $5.99
                 Preview",8.78
39,"Kaguya-sama wa Kokurasetai: First Kiss wa Owaranai
        Movie (1 eps)
        Dec 2022 - Dec 2022
        278,682 members",8.77
40,"Sen to Chihiro no Kamikakushi
        Movie (1 eps)
        Jul 2001 - Jul 2001
        1,877,322 members",8.77
41,"Hajime no Ippo
        TV (75 eps)
        Oct 2000 - Mar 2002
        605,466 members",8.77
42,"Shingeki no Kyojin: The Final Season Part 2
        TV (12 eps)
        Jan 2022 - Apr 2022
        1,324,292 members
      

 Manga Store
Volume 1

                  $10.99
                

                  $5.99
                 Preview",8.76
43,"Vinland Saga
        TV (24 eps)
        Jul 2019 - Dec 2019
        1,551,269 members
      

 Manga Store
Volume 1
$17.99 Preview",8.76
44,"Monogatari Series: Second Season
        TV (26 eps)
        Jul 2013 - Dec 2013
        676,205 members
      

 Manga Store
Volume 1
$9.99  Preview",8.76
45,"Cowboy Bebop
        TV (26 eps)
        Apr 1998 - Apr 1999
        1,889,172 members",8.75
46,"Hibike! Euphonium 3
        TV (13 eps)
        Apr 2024 - Jun 2024
        68,536 members
      

 Manga Store
Volume 1
$7.99  Preview",8.75
47,"The First Slam Dunk
        Movie (1 eps)
        Dec 2022 - Dec 2022
        48,060 members",8.75
48,"Kimetsu no Yaiba: Yuukaku-hen
        TV (11 eps)
        Dec 2021 - Feb 2022
        1,472,472 members",8.74
49,"Kingdom 4th Season
        TV (26 eps)
        Apr 2022 - Oct 2022
        67,122 members",8.74
50,"Kingdom 5th Season
        TV (13 eps)
        Jan 2024 - Mar 2024
        38,059 members",8.73
51,"Shiguang Dailiren
        ONA (11 eps)
        Apr 2021 - Jul 2021
        378,564 members",8.73
52,"Ashita no Joe 2
        TV (47 eps)
        Oct 1980 - Aug 1981
        53,774 members",8.73
53,"Mushishi Zoku Shou 2nd Season
        TV (10 eps)
        Oct 2014 - Dec 2014
        270,188 members
      

 Manga Store
Volume 1
$10.99 Preview",8.72
54,"One Piece
        TV (? eps)
        Oct 1999 - 
        2,395,723 members",8.72
55,"Mob Psycho 100 III
        TV (12 eps)
        Oct 2022 - Dec 2022
        700,370 members",8.71
56,"86 Part 2
        TV (12 eps)
        Oct 2021 - Mar 2022
        515,720 members
      

 Manga Store
Volume 1
$7.99  Preview",8.71
57,"Shouwa Genroku Rakugo Shinjuu: Sukeroku Futatabi-hen
        TV (12 eps)
        Jan 2017 - Mar 2017
        189,381 members
      

 Manga Store
Volume 1
$12.99 Preview",8.71
58,"Rurouni Kenshin: Meiji Kenkaku Romantan - Tsuioku-hen
        OVA (4 eps)
        Feb 1999 - Sep 1999
        278,799 members",8.70
59,"Code Geass: Hangyaku no Lelouch
        TV (25 eps)
        Oct 2006 - Jul 2007
        2,276,260 members",8.70
60,"Bleach: Sennen Kessen-hen - Ketsubetsu-tan
        TV (13 eps)
        Jul 2023 - Sep 2023
        286,594 members",8.69
61,"Great Teacher Onizuka
        TV (43 eps)
        Jun 1999 - Sep 2000
        839,879 members
      

 Manga Store
Volume 1
$10.99 Preview",8.69
62,"Mushishi Zoku Shou
        TV (10 eps)
        Apr 2014 - Jun 2014
        303,756 members
      

 Manga Store
Volume 1
$10.99 Preview",8.69
63,"Mo Dao Zu Shi: Wanjie Pian
        ONA (12 eps)
        Aug 2021 - Oct 2021
        82,196 members",8.68
64,"Violet Evergarden
        TV (13 eps)
        Jan 2018 - Apr 2018
        1,807,803 members",8.68
65,"Tian Guan Cifu Er
        ONA (12 eps)
        Oct 2023 - Jan 2024
        46,764 members",8.67
66,"Haikyuu!! Movie: Gomisuteba no Kessen
        Movie (1 eps)
        Feb 2024 - Feb 2024
        130,820 members",8.67
67,"Hajime no Ippo: New Challenger
        TV (26 eps)
        Jan 2009 - Jul 2009
        291,534 members",8.67
68,"Fate/stay night Movie: Heaven's Feel - III. Spring Song
        Movie (1 eps)
        Aug 2020 - Aug 2020
        357,835 members",8.66
69,"Howl no Ugoku Shiro
        Movie (1 eps)
        Nov 2004 - Nov 2004
        1,358,965 members",8.66
70,"Mononoke Hime
        Movie (1 eps)
        Jul 1997 - Jul 1997
        1,272,483 members",8.66
71,"Mushishi
        TV (26 eps)
        Oct 2005 - Jun 2006
        839,634 members
      

 Manga Store
Volume 1
$10.99 Preview",8.66
72,"Mushoku Tensei: Isekai Ittara Honki Dasu Part 2
        TV (12 eps)
        Oct 2021 - Dec 2021
        949,922 members",8.66
73,"Odd Taxi
        TV (13 eps)
        Apr 2021 - Jun 2021
        442,056 members",8.66
74,"Made in Abyss
        TV (13 eps)
        Jul 2017 - Sep 2017
        1,401,572 members",8.64
75,"Natsume Yuujinchou Shi
        TV (13 eps)
        Jan 2012 - Mar 2012
        247,908 members",8.64
76,"Bungou Stray Dogs 5th Season
        TV (11 eps)
        Jul 2023 - Sep 2023
        191,760 members
      

 Manga Store
Volume 1
$6.99 Preview",8.64
77,"Shigatsu wa Kimi no Uso
        TV (22 eps)
        Oct 2014 - Mar 2015
        2,237,946 members
      

 Manga Store
Volume 1
$10.99 Preview",8.64
78,"Shiguang Dailiren II
        ONA (12 eps)
        Jul 2023 - Sep 2023
        116,703 members",8.63
79,"Shingeki no Kyojin Season 3
        TV (12 eps)
        Jul 2018 - Oct 2018
        2,402,494 members
      

 Manga Store
Volume 1

                  $10.99
                

                  $5.99
                 Preview",8.63
80,"Tengen Toppa Gurren Lagann
        TV (27 eps)
        Apr 2007 - Sep 2007
        1,628,473 members",8.63
81,"Kaguya-sama wa Kokurasetai? Tensai-tachi no Renai Zunousen
        TV (12 eps)
        Apr 2020 - Jun 2020
        1,361,226 members",8.63
82,"Made in Abyss: Retsujitsu no Ougonkyou
        TV (12 eps)
        Jul 2022 - Sep 2022
        456,331 members",8.63
83,"""Oshi no Ko""
        TV (11 eps)
        Apr 2023 - Jun 2023
        825,281 members",8.63
84,"Death Note
        TV (37 eps)
        Oct 2006 - Jun 2007
        3,947,496 members",8.62
85,"Haikyuu!! Second Season
        TV (25 eps)
        Oct 2015 - Mar 2016
        1,449,521 members",8.62
86,"Ping Pong the Animation
        TV (11 eps)
        Apr 2014 - Jun 2014
        399,286 members",8.62
87,"Made in Abyss Movie 3: Fukaki Tamashii no Reimei
        Movie (1 eps)
        Jan 2020 - Jan 2020
        472,523 members",8.61
88,"Natsume Yuujinchou Roku
        TV (11 eps)
        Apr 2017 - Jun 2017
        188,648 members",8.61
89,"Dungeon Meshi
        TV (24 eps)
        Jan 2024 - Jun 2024
        324,146 members
      

 Manga Store
Volume 1
$6.99 Preview",8.61
90,"Cyberpunk: Edgerunners
        ONA (10 eps)
        Sep 2022 - Sep 2022
        780,531 members",8.60
91,"Hajime no Ippo: Rising
        TV (25 eps)
        Oct 2013 - Mar 2014
        264,835 members",8.60
92,"Suzumiya Haruhi no Shoushitsu
        Movie (1 eps)
        Feb 2010 - Feb 2010
        615,153 members
      

 Manga Store
The Melancholy of Haruhi Suzumiya (light novel)
$9.99  Preview",8.60
93,"Shin Evangelion Movie:||
        Movie (1 eps)
        Mar 2021 - Mar 2021
        381,020 members",8.59
94,"Jujutsu Kaisen
        TV (24 eps)
        Oct 2020 - Mar 2021
        2,606,710 members",8.59
95,"Kenpuu Denki Berserk
        TV (25 eps)
        Oct 1997 - Apr 1998
        673,467 members",8.59
96,"Mushishi Zoku Shou: Suzu no Shizuku
        Movie (1 eps)
        May 2015 - May 2015
        130,434 members
      

 Manga Store
Volume 1
$10.99 Preview",8.59
97,"Seishun Buta Yarou wa Yumemiru Shoujo no Yume wo Minai
        Movie (1 eps)
        Jun 2019 - Jun 2019
        722,826 members
      

 Manga Store
Volume 1
$7.99  Preview",8.59
98,"Kimetsu no Yaiba Movie: Mugen Ressha-hen
        Movie (1 eps)
        Oct 2020 - Oct 2020
        1,573,765 members",8.58
99,"Tengen Toppa Gurren Lagann Movie 2: Lagann-hen
        Movie (1 eps)
        Apr 2009 - Apr 2009
        219,713 members",8.58
100,"JoJo no Kimyou na Bouken Part 5: Ougon no Kaze
        TV (39 eps)
        Oct 2018 - Jul 2019
        1,041,648 members",8.57
101,"Kizumonogatari II: Nekketsu-hen
        Movie (1 eps)
        Aug 2016 - Aug 2016
        451,144 members
      

 Manga Store
Part1
$9.99  Preview",8.57
102,"Natsume Yuujinchou San
        TV (13 eps)
        Jul 2011 - Sep 2011
        255,239 members",8.57
103,"Ookami Kodomo no Ame to Yuki
        Movie (1 eps)
        Jul 2012 - Jul 2012
        821,005 members
      

 Manga Store
Volume 1
$12.99 Preview",8.57
104,"Nana
        TV (47 eps)
        Apr 2006 - Mar 2007
        683,912 members",8.56
105,"Natsume Yuujinchou Go
        TV (11 eps)
        Oct 2016 - Dec 2016
        188,974 members",8.56
106,"Doupo Cangqiong: San Nian Zhi Yue
        ONA (13 eps)
        Oct 2021 - Jan 2022
        7,652 members",8.56
107,"Shouwa Genroku Rakugo Shinjuu
        TV (13 eps)
        Jan 2016 - Apr 2016
        294,301 members
      

 Manga Store
Volume 1
$12.99 Preview",8.56
108,"Shingeki no Kyojin
        TV (25 eps)
        Apr 2013 - Sep 2013
        3,993,780 members
      

 Manga Store
Volume 1

                  $10.99
                

                  $5.99
                 Preview",8.55
109,"Shinseiki Evangelion Movie: Air/Magokoro wo, Kimi ni
        Movie (1 eps)
        Jul 1997 - Jul 1997
        945,443 members",8.55
110,"Yojouhan Shinwa Taikei
        TV (11 eps)
        Apr 2010 - Jul 2010
        456,569 members",8.55
111,"JoJo no Kimyou na Bouken Part 6: Stone Ocean Part 3
        ONA (14 eps)
        Dec 2022 - Dec 2022
        213,526 members",8.55
112,"Kimi no Suizou wo Tabetai
        Movie (1 eps)
        Sep 2018 - Sep 2018
        984,419 members",8.55
113,"Haikyuu!! To the Top Part 2
        TV (12 eps)
        Oct 2020 - Dec 2020
        832,571 members",8.55
114,"Fate/Zero 2nd Season
        TV (12 eps)
        Apr 2012 - Jun 2012
        1,126,711 members",8.54
115,"Fruits Basket 2nd Season
        TV (25 eps)
        Apr 2020 - Sep 2020
        521,369 members
      

 Manga Store
Volume 1
$9.99 Preview",8.54
116,"Slam Dunk
        TV (101 eps)
        Oct 1993 - Mar 1996
        305,634 members",8.54
117,"Zoku Natsume Yuujinchou
        TV (13 eps)
        Jan 2009 - Mar 2009
        250,560 members",8.54
118,"Perfect Blue
        Movie (1 eps)
        Feb 1998 - Feb 1998
        723,536 members",8.54
119,"Mushishi: Hihamukage
        TV Special (1 eps)
        Jan 2014 - Jan 2014
        141,508 members",8.53
120,"Steins;Gate 0
        TV (23 eps)
        Apr 2018 - Sep 2018
        881,523 members",8.53
121,"Shingeki no Kyojin Season 2
        TV (12 eps)
        Apr 2017 - Jun 2017
        2,755,801 members
      

 Manga Store
Volume 1

                  $10.99
                

                  $5.99
                 Preview",8.52
122,"Shoujo☆Kageki Revue Starlight Movie
        Movie (1 eps)
        Jun 2021 - Jun 2021
        20,575 members",8.52
123,"Yuru Camp△ Season 2
        TV (13 eps)
        Jan 2021 - Apr 2021
        229,611 members
      

 Manga Store
Volume 1
$6.99 Preview",8.52
124,"Bakuman. 3rd Season
        TV (25 eps)
        Oct 2012 - Mar 2013
        332,608 members",8.52
125,"Gintama Movie 1: Shinyaku Benizakura-hen
        Movie (1 eps)
        Apr 2010 - Apr 2010
        166,083 members",8.52
126,"Gintama.: Porori-hen
        TV (13 eps)
        Oct 2017 - Dec 2017
        204,363 members",8.52
127,"Hotaru no Haka
        Movie (1 eps)
        Apr 1988 - Apr 1988
        686,262 members",8.52
128,"Koukaku Kidoutai: Stand Alone Complex 2nd GIG
        TV (26 eps)
        Jan 2004 - Jan 2005
        229,230 members",8.52
129,"Kara no Kyoukai Movie 5: Mujun Rasen
        Movie (1 eps)
        Aug 2008 - Aug 2008
        240,949 members",8.51
130,"Ousama Ranking
        TV (23 eps)
        Oct 2021 - Mar 2022
        658,005 members",8.51
131,"Samurai Champloo
        TV (26 eps)
        May 2004 - Mar 2005
        1,253,117 members",8.51
132,"Sora yori mo Tooi Basho
        TV (13 eps)
        Jan 2018 - Mar 2018
        510,656 members",8.51
133,"Spy x Family
        TV (12 eps)
        Apr 2022 - Jun 2022
        1,597,952 members",8.51
134,"Tian Guan Cifu Special
        ONA (1 eps)
        Feb 2021 - Feb 2021
        50,614 members",8.50
135,"JoJo no Kimyou na Bouken Part 4: Diamond wa Kudakenai
        TV (39 eps)
        Apr 2016 - Dec 2016
        1,140,556 members",8.50
136,"Mob Psycho 100
        TV (12 eps)
        Jul 2016 - Sep 2016
        2,105,082 members",8.49
137,"One Punch Man
        TV (12 eps)
        Oct 2015 - Dec 2015
        3,256,574 members",8.49
138,"Yakusoku no Neverland
        TV (12 eps)
        Jan 2019 - Mar 2019
        1,991,841 members",8.49
139,"Chainsaw Man
        TV (12 eps)
        Oct 2022 - Dec 2022
        1,565,640 members",8.49
140,"Ansatsu Kyoushitsu 2nd Season
        TV (25 eps)
        Jan 2016 - Jul 2016
        1,451,241 members",8.48
141,"Aria the Origination
        TV (13 eps)
        Jan 2008 - Apr 2008
        131,108 members",8.48
142,"Fate/stay night Movie: Heaven's Feel - II. Lost Butterfly
        Movie (1 eps)
        Jan 2019 - Jan 2019
        394,709 members",8.48
143,"Mahou Shoujo Madoka★Magica Movie 3: Hangyaku no Monogatari
        Movie (1 eps)
        Oct 2013 - Oct 2013
        385,029 members
      

 Manga Store
Volume 1
$6.99 Preview",8.48
144,"Mushoku Tensei II: Isekai Ittara Honki Dasu Part 2
        TV (12 eps)
        Apr 2024 - Jul 2024
        368,522 members",8.48
145,"Pluto
        ONA (8 eps)
        Oct 2023 - Oct 2023
        170,179 members",8.48
146,"Summertime Render
        TV (25 eps)
        Apr 2022 - Sep 2022
        546,178 members",8.48
147,"Uchuu Kyoudai
        TV (99 eps)
        Apr 2012 - Mar 2014
        196,566 members
      

 Manga Store
Volume 1
$10.99 Preview",8.48
148,"Banana Fish
        TV (24 eps)
        Jul 2018 - Dec 2018
        877,629 members",8.47
149,"Rainbow: Nisha Rokubou no Shichinin
        TV (26 eps)
        Apr 2010 - Sep 2010
        399,768 members",8.47
150,"Kimetsu no Yaiba
        TV (26 eps)
        Apr 2019 - Sep 2019
        3,084,002 members",8.46
151,"Mo Dao Zu Shi
        ONA (15 eps)
        Jul 2018 - Oct 2018
        234,144 members",8.46
152,"Mo Dao Zu Shi: Xian Yun Pian
        ONA (8 eps)
        Aug 2019 - Sep 2019
        107,378 members",8.46
153,"Nichijou
        TV (26 eps)
        Apr 2011 - Sep 2011
        908,195 members",8.46
154,"Yuu☆Yuu☆Hakusho
        TV (112 eps)
        Oct 1992 - Jan 1995
        698,496 members",8.46
155,"Chihayafuru 3
        TV (24 eps)
        Oct 2019 - Mar 2020
        143,510 members
      

 Manga Store
Volume 1
$10.99 Preview",8.46
156,"Gintama: The Semi-Final
        Special (2 eps)
        Jan 2021 - Jan 2021
        79,394 members",8.46
157,"Girls Band Cry
        TV (13 eps)
        Apr 2024 - Jun 2024
        69,418 members",8.45
158,"Karakai Jouzu no Takagi-san Movie
        Movie (1 eps)
        Jun 2022 - Jun 2022
        77,186 members
      

 Manga Store
Volume 1
$6.99 Preview",8.45
159,"Owarimonogatari
        TV (12 eps)
        Oct 2015 - Dec 2015
        482,669 members",8.45
160,"Steins;Gate Movie: Fuka Ryouiki no Déjà vu
        Movie (1 eps)
        Apr 2013 - Apr 2013
        600,528 members",8.45
161,"Zoku Owarimonogatari
        TV (6 eps)
        May 2019 - Jun 2019
        230,482 members",8.44
162,"Bungou Stray Dogs 4th Season
        TV (13 eps)
        Jan 2023 - Mar 2023
        298,155 members
      

 Manga Store
Volume 1
$6.99 Preview",8.44
163,"Golden Kamuy 3rd Season
        TV (12 eps)
        Oct 2020 - Dec 2020
        173,117 members",8.44
164,"Haikyuu!!
        TV (25 eps)
        Apr 2014 - Sep 2014
        1,998,072 members",8.44
165,"JoJo no Kimyou na Bouken Part 3: Stardust Crusaders 2nd Season
        TV (24 eps)
        Jan 2015 - Jun 2015
        1,130,029 members",8.44
166,"Jujutsu Kaisen 0 Movie
        Movie (1 eps)
        Dec 2021 - Dec 2021
        992,509 members",8.44
167,"Kono Subarashii Sekai ni Shukufuku wo! Movie: Kurenai Densetsu
        Movie (1 eps)
        Aug 2019 - Aug 2019
        799,461 members
      

 Manga Store
Volume 1
$7.99  Preview",8.43
168,"Mushishi Zoku Shou: Odoro no Michi
        TV Special (1 eps)
        Aug 2014 - Aug 2014
        102,709 members
      

 Manga Store
Volume 1
$10.99 Preview",8.43
169,"Re:Zero kara Hajimeru Isekai Seikatsu 2nd Season Part 2
        TV (12 eps)
        Jan 2021 - Mar 2021
        905,096 members
      

 Manga Store
Volume 1
$7.99  Preview",8.43
170,"Wu Liuqi: Xuanwu Guo Pian
        ONA (10 eps)
        Jan 2021 - May 2021
        65,544 members",8.43
171,"Grand Blue
        TV (12 eps)
        Jul 2018 - Sep 2018
        791,915 members
      

 Manga Store
Volume 1
$10.99 Preview",8.43
172,"Gintama: Yorinuki Gintama-san on Theater 2D
        Movie (2 eps)
        Aug 2012 - Aug 2012
        44,894 members",8.42
173,"Hunter x Hunter
        TV (62 eps)
        Oct 1999 - Mar 2001
        598,896 members",8.42
174,"Kono Oto Tomare! Part 2
        TV (13 eps)
        Oct 2019 - Dec 2019
        181,220 members",8.42
175,"Koukaku Kidoutai: Stand Alone Complex
        TV (26 eps)
        Oct 2002 - Oct 2003
        400,544 members
      

 Manga Store
Volume 1
$10.99 Preview",8.42
176,"Mononoke
        TV (12 eps)
        Jul 2007 - Sep 2007
        333,484 members",8.42
177,"Saenai Heroine no Sodatekata Fine
        Movie (1 eps)
        Oct 2019 - Oct 2019
        186,337 members",8.42
178,"Shingeki no Kyojin: Kuinaki Sentaku
        OVA (2 eps)
        Dec 2014 - Apr 2015
        524,201 members
      

 Manga Store
Volume 1
$10.99 Preview",8.42
179,"Tian Guan Cifu
        ONA (11 eps)
        Oct 2020 - Jan 2021
        150,313 members",8.42
180,"Violet Evergarden Gaiden: Eien to Jidou Shuki Ningyou
        Movie (1 eps)
        Sep 2019 - Sep 2019
        431,057 members",8.41
181,"Kono Subarashii Sekai ni Shukufuku wo! 3
        TV (11 eps)
        Apr 2024 - Jun 2024
        407,772 members
      

 Manga Store
Volume 1
$7.99  Preview",8.41
182,"Natsume Yuujinchou Movie: Utsusemi ni Musubu
        Movie (1 eps)
        Sep 2018 - Sep 2018
        74,024 members",8.41
183,"Saiki Kusuo no Ψ-nan
        TV (120 eps)
        Jul 2016 - Dec 2016
        1,121,532 members",8.41
184,"Saiki Kusuo no Ψ-nan 2
        TV (24 eps)
        Jan 2018 - Jun 2018
        651,988 members",8.41
185,"Kaguya-sama wa Kokurasetai: Tensai-tachi no Renai Zunousen
        TV (12 eps)
        Jan 2019 - Mar 2019
        1,762,530 members",8.40
186,"Kamisama Hajimemashita: Kako-hen
        OVA (4 eps)
        Aug 2015 - Aug 2016
        170,357 members",8.40
187,"Karakai Jouzu no Takagi-san 3
        TV (12 eps)
        Jan 2022 - Mar 2022
        189,951 members
      

 Manga Store
Volume 1
$6.99 Preview",8.40
188,"Yuru Camp△ Movie
        Movie (1 eps)
        Jul 2022 - Jul 2022
        82,166 members",8.40
189,"Vivy: Fluorite Eye's Song
        TV (13 eps)
        Apr 2021 - Jun 2021
        545,879 members",8.39
190,"Fruits Basket: Prelude
        Movie (1 eps)
        Feb 2022 - Feb 2022
        110,718 members
      

 Manga Store
Volume 1
$9.99 Preview",8.39
191,"Gintama°: Aizome Kaori-hen
        OVA (2 eps)
        Aug 2016 - Nov 2016
        86,761 members",8.39
192,"Houseki no Kuni
        TV (12 eps)
        Oct 2017 - Dec 2017
        468,891 members
      

 Manga Store
Volume 1
$12.99 Preview",8.39
193,"Josee to Tora to Sakana-tachi
        Movie (1 eps)
        Dec 2020 - Dec 2020
        439,230 members",8.39
194,"Major S5
        TV (25 eps)
        Jan 2009 - Jun 2009
        71,759 members",8.39
195,"Natsume Yuujinchou Roku Specials
        Special (2 eps)
        Sep 2017 - Oct 2017
        48,104 members",8.39
196,"Sayonara no Asa ni Yakusoku no Hana wo Kazarou
        Movie (1 eps)
        Feb 2018 - Feb 2018
        440,755 members",8.39
197,"Kara no Kyoukai Movie 7: Satsujin Kousatsu (Go)
        Movie (1 eps)
        Aug 2009 - Aug 2009
        208,951 members",8.38
198,"Kaze ga Tsuyoku Fuiteiru
        TV (23 eps)
        Oct 2018 - Mar 2019
        305,202 members",8.38
199,"Chihayafuru 2
        TV (25 eps)
        Jan 2013 - Jun 2013
        238,187 members
      

 Manga Store
Volume 1
$10.99 Preview",8.38
200,"Cowboy Bebop: Tengoku no Tobira
        Movie (1 eps)
        Sep 2001 - Sep 2001
        382,823 members",8.38
201,"Doupo Cangqiong: Nian Fan
        ONA (157 eps)
        Jul 2022 - 
        7,573 members",8.38
202,"""Oshi no Ko"" 2nd Season
        TV (13 eps)
        Jul 2024 - 
        278,964 members",8.37
203,"3-gatsu no Lion
        TV (22 eps)
        Oct 2016 - Mar 2017
        685,318 members",8.37
204,"Barakamon
        TV (12 eps)
        Jul 2014 - Sep 2014
        669,730 members
      

 Manga Store
Volume 1
$6.99 Preview",8.37
205,"Blue Giant
        Movie (1 eps)
        Feb 2023 - Feb 2023
        28,270 members",8.37
206,"Cross Game
        TV (50 eps)
        Apr 2009 - Mar 2010
        125,673 members",8.37
207,"Tensei shitara Slime Datta Ken 2nd Season
        TV (12 eps)
        Jan 2021 - Mar 2021
        979,858 members
      

 Manga Store
Volume 1
$12.99 Preview",8.37
208,"Made in Abyss Movie 2: Hourou Suru Tasogare
        Movie (1 eps)
        Jan 2019 - Jan 2019
        141,701 members",8.37
209,"Mahou Shoujo Madoka★Magica
        TV (12 eps)
        Jan 2011 - Apr 2011
        1,304,082 members
      

 Manga Store
Volume 1
$6.99 Preview",8.37
210,"Mahou Shoujo Madoka★Magica Movie 2: Eien no Monogatari
        Movie (1 eps)
        Oct 2012 - Oct 2012
        205,671 members",8.37
211,"Mushoku Tensei: Isekai Ittara Honki Dasu
        TV (11 eps)
        Jan 2021 - Mar 2021
        1,355,634 members",8.37
212,"Kimetsu no Yaiba: Mugen Ressha-hen
        TV (7 eps)
        Oct 2021 - Nov 2021
        787,280 members",8.36
213,"Kizumonogatari I: Tekketsu-hen
        Movie (1 eps)
        Jan 2016 - Jan 2016
        536,923 members
      

 Manga Store
Part1
$9.99  Preview",8.36
214,"Meitantei Conan Movie 26: Kurogane no Submarine
        Movie (1 eps)
        Apr 2023 - Apr 2023
        13,038 members",8.36
215,"Non Non Biyori Nonstop
        TV (12 eps)
        Jan 2021 - Mar 2021
        126,930 members",8.36
216,"Ramayana: The Legend of Prince Rama
        Movie (1 eps)
        Jan 1993 - Jan 1993
        11,681 members",8.36
217,"Baccano!
        TV (13 eps)
        Jul 2007 - Nov 2007
        912,333 members
      

 Manga Store
Volume 1
$9.99  Preview",8.36
218,"Haikyuu!! To the Top
        TV (13 eps)
        Jan 2020 - Apr 2020
        954,659 members",8.36
219,"Gintama: Shiroyasha Koutan
        Special (1 eps)
        Sep 2008 - Sep 2008
        70,954 members",8.35
220,"Hellsing Ultimate
        OVA (10 eps)
        Feb 2006 - Dec 2012
        941,504 members",8.35
221,"Initial D First Stage
        TV (26 eps)
        Apr 1998 - Dec 1998
        390,821 members
      

 Manga Store
Volume 1

                  $10.99
                

                  $5.99
                 Preview",8.35
222,"K-On! Movie
        Movie (1 eps)
        Dec 2011 - Dec 2011
        334,561 members
      

 Manga Store
Volume 1
$6.99 Preview",8.35
223,"Kage no Jitsuryokusha ni Naritakute! 2nd Season
        TV (12 eps)
        Oct 2023 - Dec 2023
        375,483 members
      

 Manga Store
Volume 1
$9.99  Preview",8.35
224,"Kaze no Tani no Nausicaä
        Movie (1 eps)
        Mar 1984 - Mar 1984
        382,853 members",8.35
225,"Shinseiki Evangelion
        TV (26 eps)
        Oct 1995 - Mar 1996
        1,842,463 members",8.35
226,"Wu Shan Wu Xing: Xichuan Huan Zi Lin
        ONA (4 eps)
        Jul 2023 - Aug 2023
        12,907 members",8.35
227,"Yahari Ore no Seishun Love Comedy wa Machigatteiru. Kan
        TV (12 eps)
        Jul 2020 - Sep 2020
        740,783 members
      

 Manga Store
Volume 1
$7.99  Preview",8.35
228,"Tunshi Xingkong 3rd Season
        ONA (33 eps)
        Sep 2022 - Apr 2023
        2,253 members",8.34
229,"Usagi Drop
        TV (11 eps)
        Jul 2011 - Sep 2011
        499,970 members",8.34
230,"Violet Evergarden: Kitto ""Ai"" wo Shiru Hi ga Kuru no Darou
        Special (1 eps)
        Jul 2018 - Jul 2018
        337,514 members",8.34
231,"Bakuman. 2nd Season
        TV (25 eps)
        Oct 2011 - Mar 2012
        356,260 members",8.34
232,"Fumetsu no Anata e
        TV (20 eps)
        Apr 2021 - Aug 2021
        883,078 members
      

 Manga Store
Volume 1
$10.99 Preview",8.34
233,"Girls & Panzer: Saishuushou Part 4
        Movie (1 eps)
        Oct 2023 - Oct 2023
        17,607 members",8.34
234,"Kaijuu 8-gou
        TV (12 eps)
        Apr 2024 - Jun 2024
        402,483 members",8.34
235,"Kidou Senshi Gundam: The Origin
        OVA (6 eps)
        Feb 2015 - May 2018
        75,381 members",8.33
236,"Kiseijuu: Sei no Kakuritsu
        TV (24 eps)
        Oct 2014 - Mar 2015
        1,892,809 members
      

 Manga Store
Volume 1
$10.99 Preview",8.33
237,"Natsume Yuujinchou: Itsuka Yuki no Hi ni
        OVA (1 eps)
        Feb 2014 - Feb 2014
        81,031 members",8.33
238,"One Outs
        TV (25 eps)
        Oct 2008 - Apr 2009
        241,427 members",8.33
239,"Psycho-Pass
        TV (22 eps)
        Oct 2012 - Mar 2013
        1,647,815 members",8.33
240,"Re:Zero kara Hajimeru Isekai Seikatsu 2nd Season
        TV (13 eps)
        Jul 2020 - Sep 2020
        1,122,663 members
      

 Manga Store
Volume 1
$7.99  Preview",8.33
241,"Versailles no Bara
        TV (40 eps)
        Oct 1979 - Sep 1980
        100,648 members",8.33
242,"Dr. Stone: New World Part 2
        TV (11 eps)
        Oct 2023 - Dec 2023
        287,694 members",8.33
243,"Hibike! Euphonium 2
        TV (13 eps)
        Oct 2016 - Dec 2016
        236,413 members
      

 Manga Store
Volume 1
$7.99  Preview",8.33
244,"IDOLiSH7 Third Beat! Part 2
        TV (17 eps)
        Oct 2022 - Feb 2023
        14,687 members",8.33
245,"Bakemonogatari
        TV (15 eps)
        Jul 2009 - Jun 2010
        1,411,383 members
      

 Manga Store
Part1
$9.99  Preview",8.32
246,"Douluo Dalu 2nd Season
        ONA (237 eps)
        Dec 2018 - Jun 2023
        20,648 members",8.32
247,"Fate/stay night: Unlimited Blade Works 2nd Season
        TV (13 eps)
        Apr 2015 - Jun 2015
        861,935 members",8.32
248,"Major S6
        TV (25 eps)
        Apr 2010 - Sep 2010
        63,594 members",8.32
249,"Natsume Yuujinchou Go Specials
        Special (2 eps)
        Mar 2017 - Apr 2017
        47,037 members",8.32
250,"Romeo no Aoi Sora
        TV (33 eps)
        Jan 1995 - Dec 1995
        51,034 members",8.32
251,"Tensei shitara Slime Datta Ken 2nd Season Part 2
        TV (12 eps)
        Jul 2021 - Sep 2021
        783,458 members
      

 Manga Store
Volume 1
$12.99 Preview",8.32
252,"Uchuu Senkan Yamato 2199
        OVA (26 eps)
        May 2012 - Oct 2013
        116,716 members",8.32
253,"Ginga Eiyuu Densetsu: Die Neue These - Gekitotsu
        Movie (12 eps)
        Mar 2022 - May 2022
        21,825 members",8.31
254,"Given
        TV (11 eps)
        Jul 2019 - Sep 2019
        580,287 members",8.31
255,"Hunter x Hunter: Original Video Animation
        OVA (8 eps)
        Jan 2002 - Apr 2002
        128,372 members",8.31
256,"Kingdom 2nd Season
        TV (39 eps)
        Jun 2013 - Mar 2014
        129,611 members",8.31
257,"Natsume Yuujinchou
        TV (13 eps)
        Jul 2008 - Sep 2008
        546,001 members",8.31
258,"NHK ni Youkoso!
        TV (24 eps)
        Jul 2006 - Dec 2006
        755,129 members",8.31
259,"Ookami to Koushinryou II
        TV (12 eps)
        Jul 2009 - Sep 2009
        498,724 members
      

 Manga Store
Volume 1
$3.99  Preview",8.31
260,"Sasaki to Miyano Movie: Sotsugyou-hen
        Movie (1 eps)
        Feb 2023 - Feb 2023
        45,467 members
      

 Manga Store
Volume 1
$6.99 Preview",8.31
261,"Seishun Buta Yarou wa Randoseru Girl no Yume wo Minai
        Movie (1 eps)
        Dec 2023 - Dec 2023
        91,062 members
      

 Manga Store
Volume 1
$7.99  Preview",8.31
262,"Katanagatari
        TV (12 eps)
        Jan 2010 - Dec 2010
        566,360 members
      

 Manga Store
Part1
$9.99  Preview",8.30
263,"Kemono no Souja Erin
        TV (50 eps)
        Jan 2009 - Dec 2009
        87,607 members",8.30
264,"Luo Xiao Hei Zhan Ji (Movie)
        Movie (1 eps)
        Sep 2019 - Sep 2019
        27,421 members",8.30
265,"Ore dake Level Up na Ken
        TV (12 eps)
        Jan 2024 - Mar 2024
        705,426 members",8.30
266,"Sakamichi no Apollon
        TV (12 eps)
        Apr 2012 - Jun 2012
        389,796 members",8.30
267,"Violet Evergarden: Recollections
        Special (1 eps)
        Oct 2021 - Oct 2021
        33,052 members",8.30
268,"86
        TV (11 eps)
        Apr 2021 - Jun 2021
        796,999 members
      

 Manga Store
Volume 1
$7.99  Preview",8.30
269,"Ano Hi Mita Hana no Namae wo Bokutachi wa Mada Shiranai.
        TV (11 eps)
        Apr 2011 - Jun 2011
        1,619,220 members",8.30
270,"Ashita no Joe
        TV (79 eps)
        Apr 1970 - Sep 1971
        94,688 members",8.30
271,"Boku dake ga Inai Machi
        TV (12 eps)
        Jan 2016 - Mar 2016
        2,118,186 members
      

 Manga Store
Volume 1
$6.99 Preview",8.30
272,"Diamond no Ace: Second Season
        TV (51 eps)
        Apr 2015 - Mar 2016
        139,646 members
      

 Manga Store
Volume 1
$10.99 Preview",8.30
273,"Evangelion Movie 2: Ha
        Movie (1 eps)
        Jul 2009 - Jul 2009
        549,749 members",8.30
274,"Ginga Eiyuu Densetsu: Die Neue These - Sakubou
        Movie (12 eps)
        Sep 2022 - Nov 2022
        14,837 members",8.30
275,"Beck
        TV (26 eps)
        Oct 2004 - Mar 2005
        345,974 members
      

 Manga Store
Volume 1

                  $10.99
                

                  $5.99
                 Preview",8.29
276,"Initial D Final Stage
        TV (4 eps)
        May 2014 - Jun 2014
        147,120 members
      

 Manga Store
Volume 1

                  $10.99
                

                  $5.99
                 Preview",8.29
277,"Kuroko no Basket 3rd Season
        TV (25 eps)
        Jan 2015 - Jun 2015
        771,535 members",8.29
278,"Meitantei Conan Movie 06: Baker Street no Bourei
        Movie (1 eps)
        Apr 2002 - Apr 2002
        79,186 members",8.29
279,"Steins;Gate: Oukoubakko no Poriomania
        Special (1 eps)
        Feb 2012 - Feb 2012
        443,267 members",8.29
280,"Suzume no Tojimari
        Movie (1 eps)
        Nov 2022 - Nov 2022
        373,991 members",8.29
281,"Tunshi Xingkong 2nd Season
        ONA (26 eps)
        Dec 2021 - Sep 2022
        5,983 members",8.29
282,"Tokyo Godfathers
        Movie (1 eps)
        Nov 2003 - Nov 2003
        298,238 members",8.28
283,"Yuukoku no Moriarty Part 2
        TV (13 eps)
        Apr 2021 - Jun 2021
        257,463 members",8.28
284,"Boku no Hero Academia 6th Season
        TV (25 eps)
        Oct 2022 - Mar 2023
        665,977 members",8.28
285,"Doukyuusei (Movie)
        Movie (1 eps)
        Feb 2016 - Feb 2016
        273,785 members",8.28
286,"Gintama: Shinyaku Benizakura-hen
        Special (1 eps)
        Dec 2010 - Dec 2010
        44,477 members",8.28
287,"Hotarubi no Mori e
        Movie (1 eps)
        Sep 2011 - Sep 2011
        830,582 members",8.28
288,"Kage no Jitsuryokusha ni Naritakute!
        TV (20 eps)
        Oct 2022 - Feb 2023
        666,867 members
      

 Manga Store
Volume 1
$9.99  Preview",8.28
289,"Kino no Tabi: The Beautiful World
        TV (13 eps)
        Apr 2003 - Jul 2003
        321,972 members",8.28
290,"Major: World Series
        OVA (2 eps)
        Dec 2011 - Jan 2012
        37,228 members",8.28
291,"Redline
        Movie (1 eps)
        Aug 2009 - Aug 2009
        384,050 members",8.28
292,"Rurouni Kenshin: Meiji Kenkaku Romantan
        TV (94 eps)
        Jan 1996 - Sep 1998
        499,690 members",8.28
293,"Koukaku Kidoutai
        Movie (1 eps)
        Nov 1995 - Nov 1995
        644,662 members
      

 Manga Store
Volume 1
$15.99 Preview",8.27
294,"Naruto: Shippuuden
        TV (500 eps)
        Feb 2007 - Mar 2017
        2,515,462 members",8.27
295,"Shirobako
        TV (24 eps)
        Oct 2014 - Mar 2015
        448,602 members",8.27
296,"Tenki no Ko
        Movie (1 eps)
        Jul 2019 - Jul 2019
        1,016,728 members
      

 Manga Store
Volume 1
$9.99  Preview",8.27
297,"Tsubasa: Tokyo Revelations
        OVA (3 eps)
        Nov 2007 - Mar 2008
        96,540 members
      

 Manga Store
Volume 1
$19.99 Preview",8.27
298,"Yuru Camp△
        TV (12 eps)
        Jan 2018 - Mar 2018
        499,640 members
      

 Manga Store
Volume 1
$6.99 Preview",8.27
299,"Diamond no Ace: Act II
        TV (52 eps)
        Apr 2019 - Mar 2020
        91,884 members",8.27
300,"Dr. Stone
        TV (24 eps)
        Jul 2019 - Dec 2019
        1,763,573 members",8.27
301,"Fate/Zero
        TV (13 eps)
        Oct 2011 - Dec 2011
        1,513,599 members",8.27
302,"Gin no Saji 2nd Season
        TV (11 eps)
        Jan 2014 - Mar 2014
        147,056 members
      

 Manga Store
Volume 1
$6.99 Preview",8.27
303,"Ginga Eiyuu Densetsu: Die Neue These - Seiran 3
        Movie (4 eps)
        Nov 2019 - Nov 2019
        26,764 members",8.27
304,"Gyakkyou Burai Kaiji: Ultimate Survivor
        TV (26 eps)
        Oct 2007 - Apr 2008
        358,765 members
      

 Manga Store
Volume 1
$5.99 Preview",8.26
305,"Hajime no Ippo: Champion Road
        TV Special (1 eps)
        Apr 2003 - Apr 2003
        141,033 members",8.26
306,"Nodame Cantabile
        TV (23 eps)
        Jan 2007 - Jun 2007
        317,341 members
      

 Manga Store
Volume 1
$10.99 Preview",8.26
307,"Shinsekai yori
        TV (25 eps)
        Sep 2012 - Mar 2013
        783,808 members",8.26
308,"Space☆Dandy 2nd Season
        TV (13 eps)
        Jul 2014 - Sep 2014
        169,990 members",8.26
309,"Steins;Gate: Kyoukaimenjou no Missing Link - Divide By Zero
        Special (1 eps)
        Dec 2015 - Dec 2015
        265,388 members",8.26
310,"Tenkuu no Shiro Laputa
        Movie (1 eps)
        Aug 1986 - Aug 1986
        495,718 members",8.26
311,"Spy x Family Part 2
        TV (13 eps)
        Oct 2022 - Dec 2022
        944,598 members",8.25
312,"Stranger: Mukou Hadan
        Movie (1 eps)
        Sep 2007 - Sep 2007
        336,377 members",8.25
313,"Tonari no Totoro
        Movie (1 eps)
        Apr 1988 - Apr 1988
        1,078,345 members",8.25
314,"World Trigger 3rd Season
        TV (14 eps)
        Oct 2021 - Jan 2022
        119,931 members",8.25
315,"Blue Lock
        TV (24 eps)
        Oct 2022 - Mar 2023
        706,662 members
      

 Manga Store
Volume 1
$10.99 Preview",8.25
316,"Dororo
        TV (24 eps)
        Jan 2019 - Jun 2019
        1,244,393 members",8.25
317,"Hunter x Hunter: Greed Island Final
        OVA (14 eps)
        Mar 2004 - Aug 2004
        146,963 members",8.25
318,"Kobayashi-san Chi no Maid Dragon S
        TV (12 eps)
        Jul 2021 - Sep 2021
        562,838 members",8.25
319,"Kono Subarashii Sekai ni Shukufuku wo! 2
        TV (10 eps)
        Jan 2017 - Mar 2017
        1,535,705 members
      

 Manga Store
Volume 1
$7.99  Preview",8.25
320,"Kuroshitsuji Movie: Book of the Atlantic
        Movie (1 eps)
        Jan 2017 - Jan 2017
        204,420 members
      

 Manga Store
Volume 1
$6.99 Preview",8.25
321,"Mushoku Tensei II: Isekai Ittara Honki Dasu
        TV (12 eps)
        Jul 2023 - Sep 2023
        579,664 members",8.25
322,"Planetes
        TV (26 eps)
        Oct 2003 - Apr 2004
        256,967 members",8.25
323,"Meitantei Conan: Episode One - Chiisaku Natta Meitantei
        TV Special (1 eps)
        Dec 2016 - Dec 2016
        31,747 members",8.24
324,"Non Non Biyori Movie: Vacation
        Movie (1 eps)
        Aug 2018 - Aug 2018
        79,977 members",8.24
325,"Sennen Joyuu
        Movie (1 eps)
        Sep 2002 - Sep 2002
        190,762 members",8.24
326,"Tanoshii Muumin Ikka
        TV (78 eps)
        Apr 1990 - Oct 1991
        28,355 members",8.24
327,"Yubisaki to Renren
        TV (12 eps)
        Jan 2024 - Mar 2024
        231,297 members
      

 Manga Store
Volume 1
$10.99 Preview",8.24
328,"Boku no Kokoro no Yabai Yatsu
        TV (12 eps)
        Apr 2023 - Jun 2023
        313,813 members",8.24
329,"Doraemon Movie 31: Shin Nobita to Tetsujin Heidan - Habatake Tenshi-tachi
        Movie (1 eps)
        Mar 2011 - Mar 2011
        16,915 members",8.24
330,"Dungeon ni Deai wo Motomeru no wa Machigatteiru Darou ka IV: Fuka Shou - Yakusai-hen
        TV (11 eps)
        Jan 2023 - Mar 2023
        220,790 members
      

 Manga Store
Volume 1
$7.99  Preview",8.24
331,"Golden Kamuy 2nd Season
        TV (12 eps)
        Oct 2018 - Dec 2018
        209,409 members",8.24
332,"Gyakkyou Burai Kaiji: Hakairoku-hen
        TV (26 eps)
        Apr 2011 - Sep 2011
        196,418 members",8.24
333,"Hajime no Ippo: Mashiba vs. Kimura
        OVA (1 eps)
        Sep 2003 - Sep 2003
        113,466 members",8.24
334,"Bakemono no Ko
        Movie (1 eps)
        Jul 2015 - Jul 2015
        428,908 members
      

 Manga Store
Volume 1
$6.99 Preview",8.23
335,"Danshi Koukousei no Nichijou
        TV (12 eps)
        Jan 2012 - Mar 2012
        832,486 members",8.23
336,"Haikyuu!! Movie 4: Concept no Tatakai
        Movie (1 eps)
        Sep 2017 - Sep 2017
        89,683 members",8.23
337,"IDOLiSH7 Third Beat!
        TV (13 eps)
        Jul 2021 - Sep 2021
        23,374 members",8.23
338,"Kidou Senshi Gundam: Tekketsu no Orphans 2nd Season
        TV (25 eps)
        Oct 2016 - Apr 2017
        146,525 members",8.23
339,"Nodame Cantabile Finale
        TV (11 eps)
        Jan 2010 - Mar 2010
        128,937 members
      

 Manga Store
Volume 1
$10.99 Preview",8.23
340,"Re:Zero kara Hajimeru Isekai Seikatsu
        TV (25 eps)
        Apr 2016 - Sep 2016
        2,220,382 members
      

 Manga Store
Volume 1
$7.99  Preview",8.23
341,"Seishun Buta Yarou wa Bunny Girl Senpai no Yume wo Minai
        TV (13 eps)
        Oct 2018 - Dec 2018
        1,761,864 members
      

 Manga Store
Volume 1
$7.99  Preview",8.23
342,"Tunshi Xingkong 4th Season
        ONA (52 eps)
        Oct 2023 - 
        2,504 members",8.23
343,"Wu Liuqi: Zui Qiang Fa Xing Shi
        ONA (10 eps)
        Oct 2019 - Jan 2020
        77,782 members",8.23
344,"Youjo Senki Movie
        Movie (1 eps)
        Feb 2019 - Feb 2019
        287,092 members
      

 Manga Store
Volume 1
$7.99  Preview",8.23
345,"Shoujo Shuumatsu Ryokou
        TV (12 eps)
        Oct 2017 - Dec 2017
        351,144 members
      

 Manga Store
Volume 1
$6.99 Preview",8.22
346,"Trigun
        TV (26 eps)
        Apr 1998 - Sep 1998
        771,963 members",8.22
347,"Kamisama Hajimemashita◎
        TV (12 eps)
        Jan 2015 - Mar 2015
        419,394 members",8.22
348,"Kimetsu no Yaiba: Katanakaji no Sato-hen
        TV (11 eps)
        Apr 2023 - Jun 2023
        864,557 members",8.22
349,"Kono Sekai no Katasumi ni
        Movie (1 eps)
        Nov 2016 - Nov 2016
        191,358 members",8.22
350,"Mahou Shoujo Madoka★Magica Movie 1: Hajimari no Monogatari
        Movie (1 eps)
        Oct 2012 - Oct 2012
        202,454 members",8.22
351,"Majo no Takkyuubin
        Movie (1 eps)
        Jul 1989 - Jul 1989
        598,476 members",8.22
352,"Major S3
        TV (26 eps)
        Jan 2007 - Jun 2007
        70,064 members",8.22
353,"Mimi wo Sumaseba
        Movie (1 eps)
        Jul 1995 - Jul 1995
        370,408 members",8.22
354,"Ookami to Koushinryou
        TV (13 eps)
        Jan 2008 - Mar 2008
        826,910 members
      

 Manga Store
Volume 1
$3.99  Preview",8.22
355,"Kaguya-hime no Monogatari
        Movie (1 eps)
        Nov 2013 - Nov 2013
        236,330 members",8.21
356,"Kuroko no Basket 2nd Season
        TV (25 eps)
        Oct 2013 - Mar 2014
        865,122 members",8.21
357,"Liz to Aoi Tori
        Movie (1 eps)
        Apr 2018 - Apr 2018
        144,708 members",8.21
358,"Magi: The Kingdom of Magic
        TV (25 eps)
        Oct 2013 - Mar 2014
        849,812 members",8.21
359,"Major S1
        TV (26 eps)
        Nov 2004 - May 2005
        102,535 members",8.21
360,"Quanzhi Gaoshou Specials
        ONA (3 eps)
        Apr 2018 - May 2018
        106,696 members",8.21
361,"Sasaki to Miyano
        TV (12 eps)
        Jan 2022 - Mar 2022
        201,110 members
      

 Manga Store
Volume 1
$6.99 Preview",8.21
362,"BanG Dream! It's MyGO!!!!!
        TV (13 eps)
        Jun 2023 - Sep 2023
        21,214 members",8.21
363,"Bungou Stray Dogs 3rd Season
        TV (12 eps)
        Apr 2019 - Jun 2019
        645,322 members
      

 Manga Store
Volume 1
$6.99 Preview",8.21
364,"Cardcaptor Sakura Movie 2: Fuuin Sareta Card
        Movie (1 eps)
        Jul 2000 - Jul 2000
        117,168 members
      

 Manga Store
Volume 1
$13.99 Preview",8.21
365,"Doupo Cangqiong 4th Season
        ONA (24 eps)
        Mar 2021 - Aug 2021
        7,583 members",8.21
366,"Fate/strange Fake: Whispers of Dawn
        TV Special (1 eps)
        Jul 2023 - Jul 2023
        79,128 members",8.21
367,"Fruits Basket 1st Season
        TV (25 eps)
        Apr 2019 - Sep 2019
        847,885 members
      

 Manga Store
Volume 1
$9.99 Preview",8.21
368,"Great Pretender
        TV (23 eps)
        Jul 2020 - Dec 2020
        674,792 members",8.21
369,"Shen Yin Wangzuo 2nd Season
        ONA (130 eps)
        Nov 2022 - 
        4,389 members",8.21
370,"Shoujo Kakumei Utena
        TV (39 eps)
        Apr 1997 - Dec 1997
        224,434 members",8.21
371,"SKET Dance
        TV (77 eps)
        Apr 2011 - Sep 2012
        226,929 members",8.21
372,"Tengoku Daimakyou
        TV (13 eps)
        Apr 2023 - Jun 2023
        493,652 members",8.21
373,"xxxHOLiC◆Kei
        TV (13 eps)
        Apr 2008 - Jun 2008
        145,616 members
      

 Manga Store
Volume 1
$19.99 Preview",8.21
374,"Vanitas no Karte Part 2
        TV (12 eps)
        Jan 2022 - Apr 2022
        286,081 members
      

 Manga Store
Volume 1
$6.99 Preview",8.20
375,"Yahari Ore no Seishun Love Comedy wa Machigatteiru. Zoku
        TV (13 eps)
        Apr 2015 - Jun 2015
        1,075,297 members
      

 Manga Store
Volume 1
$7.99  Preview",8.20
376,"Meitantei Conan Movie 13: Shikkoku no Chaser
        Movie (1 eps)
        Apr 2009 - Apr 2009
        60,783 members",8.20
377,"One Piece Movie 14: Stampede
        Movie (1 eps)
        Aug 2019 - Aug 2019
        195,446 members",8.20
378,"ReLIFE: Kanketsu-hen
        Special (4 eps)
        Mar 2018 - Mar 2018
        402,249 members",8.20
379,"Saiki Kusuo no Ψ-nan: Kanketsu-hen
        TV Special (1 eps)
        Dec 2018 - Dec 2018
        223,703 members",8.20
380,"Berserk: Ougon Jidai-hen III - Kourin
        Movie (1 eps)
        Feb 2013 - Feb 2013
        228,886 members",8.20
381,"Horimiya
        TV (13 eps)
        Jan 2021 - Apr 2021
        1,410,654 members
      

 Manga Store
Volume 1
$2.99 Preview",8.20
382,"InuYasha: Kanketsu-hen
        TV (26 eps)
        Oct 2009 - Mar 2010
        287,031 members",8.20
383,"Asobi Asobase
        TV (12 eps)
        Jul 2018 - Sep 2018
        487,427 members",8.19
384,"Hachimitsu to Clover II
        TV (12 eps)
        Jun 2006 - Sep 2006
        107,803 members",8.19
385,"xxxHOLiC Rou
        OVA (2 eps)
        Apr 2010 - Mar 2011
        70,479 members
      

 Manga Store
Volume 1
$19.99 Preview",8.19
386,"Maison Ikkoku
        TV (96 eps)
        Mar 1986 - Mar 1988
        74,537 members",8.19
387,"Make Heroine ga Oosugiru!
        TV (12 eps)
        Jul 2024 - 
        74,451 members",8.19
388,"Mo Dao Zu Shi Q
        ONA (30 eps)
        Jul 2020 - Jan 2021
        24,857 members",8.19
389,"Nomad: Megalo Box 2
        TV (13 eps)
        Apr 2021 - Jun 2021
        203,232 members",8.19
390,"One Piece: Episode of Merry - Mou Hitori no Nakama no Monogatari
        TV Special (1 eps)
        Aug 2013 - Aug 2013
        63,375 members",8.19
391,"Senki Zesshou Symphogear XV
        TV (13 eps)
        Jul 2019 - Sep 2019
        40,114 members",8.19
392,"Kimetsu no Yaiba: Hashira Geiko-hen
        TV (8 eps)
        May 2024 - Jun 2024
        456,953 members",8.18
393,"Kotarou wa Hitorigurashi
        ONA (10 eps)
        Mar 2022 - Mar 2022
        158,777 members",8.18
394,"Little Busters! Refrain
        TV (13 eps)
        Oct 2013 - Dec 2013
        167,985 members",8.18
395,"Major S2
        TV (26 eps)
        Dec 2005 - Jun 2006
        72,703 members",8.18
396,"Major S4
        TV (26 eps)
        Jan 2008 - Jun 2008
        66,224 members",8.18
397,"Meitantei Conan Movie 20: Junkoku no Nightmare
        Movie (1 eps)
        Apr 2016 - Apr 2016
        42,748 members",8.18
398,"No Game No Life: Zero
        Movie (1 eps)
        Jul 2017 - Jul 2017
        879,332 members
      

 Manga Store
Volume 1
$7.99  Preview",8.18
399,"Non Non Biyori Repeat
        TV (12 eps)
        Jul 2015 - Sep 2015
        202,666 members",8.18
400,"Ao Ashi
        TV (24 eps)
        Apr 2022 - Sep 2022
        216,033 members",8.18
401,"Bakuman.
        TV (25 eps)
        Oct 2010 - Apr 2011
        626,342 members",8.18
402,"Ballroom e Youkoso
        TV (24 eps)
        Jul 2017 - Dec 2017
        339,417 members
      

 Manga Store
Volume 1
$12.99 Preview",8.18
403,"Bungou Stray Dogs 2nd Season
        TV (12 eps)
        Oct 2016 - Dec 2016
        870,513 members
      

 Manga Store
Volume 1
$6.99 Preview",8.18
404,"Chihayafuru
        TV (25 eps)
        Oct 2011 - Mar 2012
        466,471 members
      

 Manga Store
Volume 1
$10.99 Preview",8.18
405,"Dragon Ball Super: Broly
        Movie (1 eps)
        Dec 2018 - Dec 2018
        412,288 members",8.18
406,"Dragon Ball Z
        TV (291 eps)
        Apr 1989 - Jan 1996
        1,239,088 members",8.18
407,"Fate/stay night: Unlimited Blade Works
        TV (12 eps)
        Oct 2014 - Dec 2014
        1,081,490 members",8.18
408,"Girls & Panzer Movie
        Movie (1 eps)
        Nov 2015 - Nov 2015
        108,087 members",8.18
409,"Horimiya: Piece
        TV (13 eps)
        Jul 2023 - Sep 2023
        334,010 members
      

 Manga Store
Volume 1
$2.99 Preview",8.18
410,"Hunter x Hunter: Greed Island
        OVA (8 eps)
        Feb 2003 - Apr 2003
        158,674 members",8.18
411,"Initial D Second Stage
        TV (13 eps)
        Oct 1999 - Jan 2000
        224,436 members
      

 Manga Store
Volume 1

                  $10.99
                

                  $5.99
                 Preview",8.18
412,"Sono Bisque Doll wa Koi wo Suru
        TV (12 eps)
        Jan 2022 - Mar 2022
        1,085,124 members",8.18
413,"Spy x Family Movie: Code: White
        Movie (1 eps)
        Dec 2023 - Dec 2023
        131,376 members",8.18
414,"Stand By Me Doraemon 2
        Movie (1 eps)
        Nov 2020 - Nov 2020
        25,306 members",8.18
415,"Yojouhan Time Machine Blues
        ONA (6 eps)
        Sep 2022 - Oct 2022
        43,639 members",8.18
416,"Yoru wa Mijikashi Arukeyo Otome
        Movie (1 eps)
        Apr 2017 - Apr 2017
        128,657 members
      

 Manga Store
Volume 1
$9.99  Preview",8.18
417,"Yuukoku no Moriarty
        TV (11 eps)
        Oct 2020 - Dec 2020
        437,323 members",8.17
418,"K-On!!
        TV (26 eps)
        Apr 2010 - Sep 2010
        703,516 members
      

 Manga Store
Volume 1
$6.99 Preview",8.17
419,"Made in Abyss Movie 1: Tabidachi no Yoake
        Movie (1 eps)
        Jan 2019 - Jan 2019
        132,577 members",8.17
420,"Meitantei Conan
        TV (? eps)
        Jan 1996 - 
        352,477 members",8.17
421,"Black Lagoon: The Second Barrage
        TV (12 eps)
        Oct 2006 - Dec 2006
        524,881 members",8.17
422,"Cardcaptor Sakura
        TV (70 eps)
        Apr 1998 - Mar 2000
        443,092 members
      

 Manga Store
Volume 1
$13.99 Preview",8.17
423,"Digimon Adventure: Last Evolution Kizuna
        Movie (1 eps)
        Feb 2020 - Feb 2020
        45,476 members",8.17
424,"Girls & Panzer: Saishuushou Part 3
        Movie (1 eps)
        Mar 2021 - Mar 2021
        28,646 members",8.17
425,"Haikyuu!! Movie 3: Sainou to Sense
        Movie (1 eps)
        Sep 2017 - Sep 2017
        92,858 members",8.17
426,"Higurashi no Naku Koro ni Kai
        TV (24 eps)
        Jul 2007 - Dec 2007
        483,771 members
      

 Manga Store
Volume 1
$12.99 Preview",8.17
427,"Holo no Graffiti
        ONA (? eps)
        May 2019 - 
        55,869 members",8.17
428,"Initial D Fourth Stage
        TV (24 eps)
        Apr 2004 - Feb 2006
        191,690 members
      

 Manga Store
Volume 1

                  $10.99
                

                  $5.99
                 Preview",8.17
429,"Akira
        Movie (1 eps)
        Jul 1988 - Jul 1988
        864,426 members",8.16
430,"Aria the Natural
        TV (26 eps)
        Apr 2006 - Sep 2006
        80,311 members",8.16
431,"Dr. Stone: Ryuusui
        TV Special (1 eps)
        Jul 2022 - Jul 2022
        301,115 members",8.16
432,"Dr. Stone: Stone Wars
        TV (11 eps)
        Jan 2021 - Mar 2021
        1,057,554 members",8.16
433,"Fate/stay night Movie: Heaven's Feel - I. Presage Flower
        Movie (1 eps)
        Oct 2017 - Oct 2017
        461,277 members",8.16
434,"Ginga Eiyuu Densetsu: Die Neue These - Seiran 2
        Movie (4 eps)
        Oct 2019 - Oct 2019
        26,157 members",8.16
435,"Shinigami Bocchan to Kuro Maid 3rd Season
        TV (12 eps)
        Apr 2024 - Jun 2024
        45,914 members",8.16
436,"Tengen Toppa Gurren Lagann Movie 1: Gurren-hen
        Movie (1 eps)
        Sep 2008 - Sep 2008
        167,748 members",8.16
437,"Toaru Kagaku no Railgun T
        TV (25 eps)
        Jan 2020 - Sep 2020
        235,036 members",8.16
438,"Kamisama Hajimemashita: Kamisama, Shiawase ni Naru
        OVA (1 eps)
        Dec 2016 - Dec 2016
        66,715 members",8.16
439,"Lycoris Recoil
        TV (13 eps)
        Jul 2022 - Sep 2022
        504,714 members",8.16
440,"Ouran Koukou Host Club
        TV (26 eps)
        Apr 2006 - Sep 2006
        1,137,011 members",8.16
441,"Lupin III: Cagliostro no Shiro
        Movie (1 eps)
        Dec 1979 - Dec 1979
        118,489 members",8.15
442,"Natsume Yuujinchou: Ishi Okoshi to Ayashiki Raihousha
        Movie (1 eps)
        Jan 2021 - Jan 2021
        36,663 members",8.15
443,"Noragami Aragoto
        TV (13 eps)
        Oct 2015 - Dec 2015
        1,468,322 members
      

 Manga Store
Volume 1
$10.99 Preview",8.15
444,"Cang Yuan Tu
        ONA (26 eps)
        Jun 2023 - Dec 2023
        2,260 members",8.15
445,"Dr. Stone: New World
        TV (11 eps)
        Apr 2023 - Jun 2023
        473,431 members",8.15
446,"Eiga Daisuki Pompo-san
        Movie (1 eps)
        Jun 2021 - Jun 2021
        49,514 members",8.15
447,"Black Clover
        TV (170 eps)
        Oct 2017 - Mar 2021
        1,695,123 members",8.14
448,"Death Parade
        TV (12 eps)
        Jan 2015 - Mar 2015
        1,789,552 members",8.14
449,"Given: Uragawa no Sonzai
        OVA (1 eps)
        Dec 2021 - Dec 2021
        90,104 members",8.14
450,"IDOLiSH7 Second Beat!
        TV (15 eps)
        Apr 2020 - Dec 2020
        32,287 members",8.14
451,"Kaiba
        TV (12 eps)
        Apr 2008 - Jul 2008
        154,430 members",8.14
452,"Kyoukai no Kanata Movie 2: I'll Be Here - Mirai-hen
        Movie (1 eps)
        Apr 2015 - Apr 2015
        264,425 members",8.14
453,"Major: Message
        OVA (1 eps)
        Dec 2010 - Dec 2010
        31,157 members",8.14
454,"Non Non Biyori Nonstop: Bukatsu wo Ganbatta
        OVA (1 eps)
        Mar 2022 - Mar 2022
        22,259 members",8.14
455,"Shokugeki no Souma
        TV (24 eps)
        Apr 2015 - Sep 2015
        1,657,152 members",8.14
456,"Tensei shitara Slime Datta Ken
        TV (24 eps)
        Oct 2018 - Mar 2019
        1,470,438 members
      

 Manga Store
Volume 1
$12.99 Preview",8.14
457,"Working!!! Lord of the Takanashi
        Special (1 eps)
        Mar 2016 - Mar 2016
        103,616 members",8.14
458,"Wu Liuqi: Anying Suming
        ONA (10 eps)
        Jan 2023 - Mar 2023
        23,595 members",8.14
459,"Yi Nian Yong Heng: Chuan Cheng Pian
        ONA (54 eps)
        Jul 2022 - Jul 2023
        6,466 members",8.14
460,"Skip to Loafer
        TV (12 eps)
        Apr 2023 - Jun 2023
        273,557 members",8.13
461,"Eizouken ni wa Te wo Dasu na!
        TV (12 eps)
        Jan 2020 - Mar 2020
        340,322 members",8.13
462,"Ginga Eiyuu Densetsu Gaiden
        OVA (24 eps)
        Feb 1998 - Sep 1998
        24,611 members",8.13
463,"Given Movie 1
        Movie (1 eps)
        Aug 2020 - Aug 2020
        240,794 members",8.13
464,"Hinamatsuri
        TV (12 eps)
        Apr 2018 - Jun 2018
        518,341 members",8.13
465,"Interstella5555: The 5tory of The 5ecret 5tar 5ystem
        Movie (1 eps)
        Dec 2003 - Dec 2003
        74,929 members",8.13
466,"Kidou Senshi Gundam: The Origin - Zenya Akai Suisei
        TV (13 eps)
        Apr 2019 - Aug 2019
        23,690 members",8.13
467,"Lupin III: Part 5
        TV (24 eps)
        Apr 2018 - Sep 2018
        44,981 members",8.13
468,"Nisemonogatari
        TV (11 eps)
        Jan 2012 - Mar 2012
        737,310 members
      

 Manga Store
Part1
$9.99  Preview",8.13
469,"Nodame Cantabile: Paris-hen
        TV (11 eps)
        Oct 2008 - Dec 2008
        125,805 members
      

 Manga Store
Volume 1
$10.99 Preview",8.13
470,"Paripi Koumei
        TV (12 eps)
        Apr 2022 - Jun 2022
        299,400 members
      

 Manga Store
Volume 1
$10.99 Preview",8.13
471,"Princess Tutu
        TV (38 eps)
        Aug 2002 - May 2003
        171,635 members",8.13
472,"Seirei no Moribito
        TV (26 eps)
        Apr 2007 - Sep 2007
        220,621 members",8.13
473,"JoJo no Kimyou na Bouken Part 6: Stone Ocean
        ONA (12 eps)
        Dec 2021 - Dec 2021
        515,753 members",8.12
474,"Katekyou Hitman Reborn!
        TV (203 eps)
        Oct 2006 - Sep 2010
        560,973 members",8.12
475,"Kaze Tachinu
        Movie (1 eps)
        Jul 2013 - Jul 2013
        345,549 members",8.12
476,"One Piece Film: Z
        Movie (1 eps)
        Dec 2012 - Dec 2012
        288,233 members",8.12
477,"Buddy Daddies
        TV (12 eps)
        Jan 2023 - Apr 2023
        283,894 members",8.12
478,"Gankutsuou
        TV (24 eps)
        Oct 2004 - Mar 2005
        252,557 members",8.12
479,"Gintama': Futon ni Haitte kara Buki Nokoshi ni Kizuite Neru ni Nerenai Toki mo Aru
        Special (1 eps)
        Apr 2015 - Apr 2015
        41,827 members",8.12
480,"Diamond no Ace
        TV (75 eps)
        Oct 2013 - Mar 2015
        248,358 members
      

 Manga Store
Volume 1
$10.99 Preview",8.11
481,"Fairy Tail: 100-nen Quest
        TV (? eps)
        Jul 2024 - 
        118,953 members
      

 Manga Store
Volume 1
$10.99 Preview",8.11
482,"Fullmetal Alchemist
        TV (51 eps)
        Oct 2003 - Oct 2004
        1,481,801 members
      

 Manga Store
Volume 1
$6.99 Preview",8.11
483,"Golden Kamuy 4th Season
        TV (13 eps)
        Oct 2022 - Jun 2023
        98,796 members",8.11
484,"Shen Yin Wangzuo
        ONA (26 eps)
        Apr 2022 - Sep 2022
        7,232 members",8.11
485,"Tokidoki Bosotto Russia-go de Dereru Tonari no Alya-san
        TV (12 eps)
        Jul 2024 - 
        211,652 members
      

 Manga Store
Volume 1
$8.99  Preview",8.11
486,"Kamisama Hajimemashita
        TV (13 eps)
        Oct 2012 - Dec 2012
        665,614 members",8.11
487,"Kidou Senshi Gundam 00
        TV (25 eps)
        Oct 2007 - Mar 2008
        222,043 members",8.11
488,"Kuragehime
        TV (11 eps)
        Oct 2010 - Dec 2010
        242,536 members
      

 Manga Store
Volume 1

                  $19.99
                

                  $10.99
                 Preview",8.11
489,"Mahou Shoujo Lyrical Nanoha: The Movie 2nd A's
        Movie (1 eps)
        Jul 2012 - Jul 2012
        24,546 members",8.11
490,"Meitantei Conan Movie 05: Tengoku e no Countdown
        Movie (1 eps)
        Apr 2001 - Apr 2001
        64,812 members",8.11
491,"Meitantei Conan Movie 14: Tenkuu no Lost Ship
        Movie (1 eps)
        Apr 2010 - Apr 2010
        58,122 members",8.11
492,"One Piece: Episode of Nami - Koukaishi no Namida to Nakama no Kizuna
        TV Special (1 eps)
        Aug 2012 - Aug 2012
        71,096 members",8.11
493,"Saiki Kusuo no Ψ-nan: Ψ-shidou-hen
        ONA (6 eps)
        Dec 2019 - Dec 2019
        225,772 members",8.11
494,"JoJo no Kimyou na Bouken Part 3: Stardust Crusaders
        TV (24 eps)
        Apr 2014 - Sep 2014
        1,235,538 members",8.10
495,"Kono Subarashii Sekai ni Shukufuku wo!
        TV (10 eps)
        Jan 2016 - Mar 2016
        1,988,712 members
      

 Manga Store
Volume 1
$7.99  Preview",8.10
496,"Koukaku Kidoutai: Stand Alone Complex - Solid State Society
        TV Special (1 eps)
        Sep 2006 - Sep 2006
        101,520 members",8.10
497,"Kuroko no Basket: Saikou no Present desu
        Special (1 eps)
        Dec 2015 - Dec 2015
        109,057 members",8.10
498,"Look Back
        Movie (1 eps)
        Jun 2024 - Jun 2024
        36,699 members",8.10
499,"Mahoutsukai no Yome: Hoshi Matsu Hito
        OVA (3 eps)
        Sep 2016 - Sep 2017
        285,291 members",8.10
500,"Saint Seiya: The Lost Canvas - Meiou Shinwa 2
        OVA (13 eps)
        Feb 2011 - Jul 2011
        76,512 members",8.10
